                                                                                                              SHOPEE,,,,,,,,,,,,,,,,,,,,,,,,,,,,,,,,,,,,,,,,,,,,,,,,,,,,,,,,,,,
,,,,,,,,,,,,,,,,,,,,,,,,,,,,,,,,,,,,,,,,,,,,,,,,,,,,,,,,,,,
,,,,,,,,,,,,,,,,,,,,,,,,,,,,,,,,,,,,,,,,,,,,,,,,,,,,,,,,,,,
,eracee,,,,,,,,ye huang su,,,,,,,gentle care,,,,,,,pearl eye,,,,,,,dierdre,,,,,,,maxdales,,,,,,,wanjiankang,,,,,,,vitcore,,,,,,,,
TANGGAL,AKUN IKLAN,JUMLAH AI,BIAYA,PEMBELIAN, CPP,,TANGGAL,AKUN IKLAN,JUMLAH AI,BIAYA,PEMBELIAN, CPP,,TANGGAL,AKUN IKLAN,JUMLAH AI,BIAYA,PEMBELIAN, CPP,,TANGGAL,AKUN IKLAN,JUMLAH AI,BIAYA,PEMBELIAN, CPP,,TANGGAL,AKUN IKLAN,JUMLAH AI,BIAYA,PEMBELIAN, CPP,,TANGGAL,AKUN IKLAN,JUMLAH AI,BIAYA,PEMBELIAN, CPP,,TANGGAL,AKUN IKLAN,JUMLAH AI,BIAYA,PEMBELIAN, CPP,,TANGGAL,AKUN IKLAN,JUMLAH AI,BIAYA,PEMBELIAN, CPP,,TANGGAL,BIAYA,PEMBELIAN, CPP
1,,,,,#DIV/0!,,1,,,,,#DIV/0!,,1,,,,,#DIV/0!,,1,,,,,#DIV/0!,,1,,,,,#DIV/0!,,1,TOKOHERBALCHINA,1, Rp 1.876.177 ,,#DIV/0!,,1,TOKOHERBALCHINA,1, Rp 1.184.514 ,,#DIV/0!,,1,TOKOHERBALCHINA,1, Rp 59.911 ,,#DIV/0!,,1, Rp 3.120.602 ,0,#DIV/0!
2,,,,,#DIV/0!,,2,,,,,#DIV/0!,,2,,,,,#DIV/0!,,2,,,,,#DIV/0!,,2,,,,,#DIV/0!,,2,TOKOHERBALCHINA,1, Rp 3.699.160 ,43, Rp 86.027 ,,2,TOKOHERBALCHINA,1, Rp 2.188.799 ,48, Rp 45.600 ,,2,TOKOHERBALCHINA,1, Rp 16.226 ,,#DIV/0!,,2, Rp 5.904.185 ,91, Rp 64.881 
3,,,,,#DIV/0!,,3,,,,,#DIV/0!,,3,,,,,#DIV/0!,,3,,,,,#DIV/0!,,3,,,,,#DIV/0!,,3,TOKOHERBALCHINA,1, Rp 1.557.576 ,27, Rp 57.688 ,,3,TOKOHERBALCHINA,1, Rp 1.015.465 ,22, Rp 46.158 ,,3,TOKOHERBALCHINA,1, Rp 24.100 ,,#DIV/0!,,3, Rp 2.597.141 ,75, Rp 34.629 
4,,,,,#DIV/0!,,4,,,,,#DIV/0!,,4,,,,,#DIV/0!,,4,,,,,#DIV/0!,,4,,,,,#DIV/0!,,4,TOKOHERBALCHINA,1, Rp 1.626.274 ,9, Rp 180.697 ,,4,TOKOHERBALCHINA,1, Rp 2.234.511 ,23, Rp 97.153 ,,4,TOKOHERBALCHINA,1, Rp 102.872 ,,#DIV/0!,,4, Rp 3.963.657 ,32, Rp 123.864 
5,,,,,#DIV/0!,,5,,,,,#DIV/0!,,5,,,,,#DIV/0!,,5,,,,,#DIV/0!,,5,,,,,#DIV/0!,,5,TOKOHERBALCHINA,1, Rp 1.515.040 ,15, Rp 101.003 ,,5,TOKOHERBALCHINA,1, Rp 2.157.953 ,38, Rp 56.788 ,,5,TOKOHERBALCHINA,1, Rp 64.631 ,2, Rp 32.316 ,,5, Rp 3.737.624 ,55, Rp 67.957 
6,,,,,#DIV/0!,,6,,,,,#DIV/0!,,6,,,,,#DIV/0!,,6,,,,,#DIV/0!,,6,,,,,#DIV/0!,,6,TOKOHERBALCHINA,1, Rp 1.531.263 ,8, Rp 191.408 ,,6,TOKOHERBALCHINA,1, Rp 1.778.326 ,21, Rp 84.682 ,,6,TOKOHERBALCHINA,1, Rp 43.561 ,,#DIV/0!,,6, Rp 3.353.150 ,29, Rp 115.626 
7,,,,,#DIV/0!,,7,,,,,#DIV/0!,,7,,,,,#DIV/0!,,7,,,,,#DIV/0!,,7,,,,,#DIV/0!,,7,TOKOHERBALCHINA,1, Rp 653.465 ,10, Rp 65.347 ,,7,TOKOHERBALCHINA,1, Rp 1.389.493 ,28, Rp 49.625 ,,7,TOKOHERBALCHINA,1, Rp 27.887 ,,#DIV/0!,,7, Rp 2.070.845 ,38, Rp 54.496 
8,,,,,#DIV/0!,,8,,,,,#DIV/0!,,8,,,,,#DIV/0!,,8,,,,,#DIV/0!,,8,,,,,#DIV/0!,,8,TOKOHERBALCHINA,1, Rp 804.868 ,,#DIV/0!,,8,TOKOHERBALCHINA,1, Rp 1.518.872 ,,#DIV/0!,,8,TOKOHERBALCHINA,1, Rp 18.156 ,,#DIV/0!,,8, Rp 2.341.896 ,0,#DIV/0!
9,TOKOHERBALCHINA,1, Rp 91.097 ,2, Rp 45.549 ,,9,TOKOHERBALCHINA,1, Rp 11.055 ,1, Rp 11.055 ,,9,TOKOHERBALCHINA,1, Rp 30.602 ,0,#DIV/0!,,9,TOKOHERBALCHINA,1, Rp 12.710 ,,#DIV/0!,,9,,,,,#DIV/0!,,9,TOKOHERBALCHINA,1, Rp 1.419.318 ,22, Rp 64.514 ,,9,TOKOHERBALCHINA,1, Rp 1.632.398 ,39, Rp 41.856 ,,9,TOKOHERBALCHINA,1, Rp 52.185 ,,#DIV/0!,,9, Rp 3.249.365 ,64, Rp 50.771 
10,TOKOHERBALCHINA,1, Rp 61.843 ,,#DIV/0!,,10,TOKOHERBALCHINA,1, Rp 26.773 ,,#DIV/0!,,10,TOKOHERBALCHINA,1, Rp 126.404 ,,#DIV/0!,,10,TOKOHERBALCHINA,1, Rp 32.543 ,,#DIV/0!,,10,,,,,#DIV/0!,,10,TOKOHERBALCHINA,1, Rp 1.260.106 ,20, Rp 63.005 ,,10,TOKOHERBALCHINA,1, Rp 2.214.344 ,36, Rp 61.510 ,,10,TOKOHERBALCHINA,1, Rp 30.615 ,1,#REF!,,10, Rp 3.752.628 ,57, Rp 65.836 
11,TOKOHERBALCHINA,1, Rp 150.285 ,,#DIV/0!,,11,TOKOHERBALCHINA,1, Rp 61.158 ,1, Rp 61.158 ,,11,TOKOHERBALCHINA,1, Rp 151.938 ,3, Rp 50.646 ,,11,TOKOHERBALCHINA,1, Rp 12.230 ,,#DIV/0!,,11,,,,,#DIV/0!,,11,TOKOHERBALCHINA,1, Rp 1.331.736 ,8, Rp 166.467 ,,11,TOKOHERBALCHINA,1, Rp 2.024.311 ,24, Rp 84.346 ,,11,TOKOHERBALCHINA,1, Rp 25.400 ,,#DIV/0!,,11, Rp 3.757.058 ,36, Rp 104.363 
12,TOKOHERBALCHINA,1, Rp 128.738 ,,#DIV/0!,,12,TOKOHERBALCHINA,1, Rp 83.854 ,1, Rp 83.854 ,,12,TOKOHERBALCHINA,1, Rp 119.327 ,1, Rp 119.327 ,,12,TOKOHERBALCHINA,1, Rp 8.524 ,,#DIV/0!,,12,TOKOHERBALCHINA,1, Rp 6.117 ,,#DIV/0!,,12,TOKOHERBALCHINA,1, Rp 1.372.949 ,14, Rp 98.068 ,,12,TOKOHERBALCHINA,1, Rp 2.579.007 ,30, Rp 85.967 ,,12,TOKOHERBALCHINA,1, Rp 66.853 ,,#DIV/0!,,12, Rp 4.365.369 ,46, Rp 94.899 
13,TOKOHERBALCHINA,1, Rp 51.348 ,1, Rp 51.348 ,,13,TOKOHERBALCHINA,1, Rp 252.062 ,8, Rp 31.508 ,,13,TOKOHERBALCHINA,1, Rp 96.283 ,1, Rp 96.283 ,,13,TOKOHERBALCHINA,1, Rp 3.131 ,,#DIV/0!,,13,TOKOHERBALCHINA,1, Rp 18.277 ,,#DIV/0!,,13,TOKOHERBALCHINA,1, Rp 619.051 ,11, Rp 56.277 ,,13,TOKOHERBALCHINA,1, Rp 1.777.636 ,28, Rp 63.487 ,,13,TOKOHERBALCHINA,1, Rp 40.884 ,,#DIV/0!,,13, Rp 2.858.672 ,49, Rp 58.340 
14,TOKOHERBALCHINA,1, Rp 5.463 ,1, Rp 5.463 ,,14,TOKOHERBALCHINA,1, Rp 97.351 ,3, Rp 32.450 ,,14,TOKOHERBALCHINA,1, Rp 115.948 ,3, Rp 38.649 ,,14,TOKOHERBALCHINA,1, Rp 4 ,,#DIV/0!,,14,TOKOHERBALCHINA,1, Rp 1.168 ,,#DIV/0!,,14,TOKOHERBALCHINA,1, Rp 346.172 ,4, Rp 86.543 ,,14,TOKOHERBALCHINA,1, Rp 1.648.208 ,12, Rp 137.351 ,,14,TOKOHERBALCHINA,1, Rp 58.988 ,,#DIV/0!,,14, Rp 2.273.302 ,23, Rp 98.839 
15,TOKOHERBALCHINA,1, Rp 876 ,,#DIV/0!,,15,TOKOHERBALCHINA,1, Rp 363.549 ,,#DIV/0!,,15,TOKOHERBALCHINA,1, Rp 350.281 ,,#DIV/0!,,15,TOKOHERBALCHINA,1,,,#DIV/0!,,15,TOKOHERBALCHINA,1, Rp 816 ,,#DIV/0!,,15,TOKOHERBALCHINA,1, Rp 509.376 ,,#DIV/0!,,15,TOKOHERBALCHINA,1, Rp 1.864.309 ,,#DIV/0!,,15,TOKOHERBALCHINA,1, Rp 33.081 ,,#DIV/0!,,15, Rp 3.122.288 ,0,#DIV/0!
16,TOKOHERBALCHINA,1, Rp 10.687 ,1, Rp 10.687 ,,16,TOKOHERBALCHINA,1, Rp 143.442 ,2, Rp 71.721 ,,16,TOKOHERBALCHINA,1, Rp 254.050 ,6, Rp 42.342 ,,16,TOKOHERBALCHINA,1,,,#DIV/0!,,16,TOKOHERBALCHINA,1, Rp 5.111 ,1, Rp 5.111 ,,16,TOKOHERBALCHINA,1, Rp 972.472 ,23, Rp 42.281 ,,16,TOKOHERBALCHINA,1, Rp 1.572.322 ,47, Rp 33.454 ,,16,TOKOHERBALCHINA,1, Rp 33.530 ,2, Rp 16.765 ,,16, Rp 2.991.614 ,82, Rp 36.483 
17,TOKOHERBALCHINA,1, Rp 68.034 ,,#DIV/0!,,17,TOKOHERBALCHINA,1, Rp 10.234 ,,#DIV/0!,,17,TOKOHERBALCHINA,1, Rp 140.599 ,,#DIV/0!,,17,TOKOHERBALCHINA,1,,,#DIV/0!,,17,TOKOHERBALCHINA,1, Rp 8.702 ,,#DIV/0!,,17,TOKOHERBALCHINA,1, Rp 552.693 ,,#DIV/0!,,17,TOKOHERBALCHINA,1, Rp 1.545.764 ,,#DIV/0!,,17,TOKOHERBALCHINA,1, Rp 52.453 ,,#DIV/0!,,17, Rp 2.378.479 ,0,#DIV/0!
18,TOKOHERBALCHINA,1, Rp 43.292 ,4, Rp 10.823 ,,18,TOKOHERBALCHINA,1, Rp 62.614 ,1, Rp 62.614 ,,18,TOKOHERBALCHINA,1, Rp 467.252 ,10, Rp 46.725 ,,18,TOKOHERBALCHINA,1,,,#DIV/0!,,18,TOKOHERBALCHINA,1, Rp 5.281 ,2, Rp 2.641 ,,18,TOKOHERBALCHINA,1, Rp 376.517 ,15, Rp 25.101 ,,18,TOKOHERBALCHINA,1, Rp 1.182.061 ,48, Rp 24.626 ,,18,TOKOHERBALCHINA,1, Rp 54.709 ,,#DIV/0!,,18, Rp 2.191.726 ,80, Rp 27.397 
19,TOKOHERBALCHINA,1, Rp 73.990 ,1, Rp 73.990 ,,19,TOKOHERBALCHINA,1, Rp 3.361 ,,#DIV/0!,,19,TOKOHERBALCHINA,1, Rp 114.817 ,3, Rp 38.272 ,,19,TOKOHERBALCHINA,1,,,#DIV/0!,,19,TOKOHERBALCHINA,1, Rp 14.349 ,2, Rp 7.175 ,,19,TOKOHERBALCHINA,1, Rp 642.656 ,9, Rp 71.406 ,,19,TOKOHERBALCHINA,1, Rp 1.464.763 ,23, Rp 63.685 ,,19,TOKOHERBALCHINA,1, Rp 56.732 ,,#DIV/0!,,19, Rp 2.370.668 ,38, Rp 62.386 
20,TOKOHERBALCHINA,1, Rp 73.803 ,,#DIV/0!,,20,TOKOHERBALCHINA,1, Rp 45.534 ,,#DIV/0!,,20,TOKOHERBALCHINA,1, Rp 121.691 ,3, Rp 40.564 ,,20,TOKOHERBALCHINA,1,,,#DIV/0!,,20,TOKOHERBALCHINA,1, Rp 53.161 ,5, Rp 10.632 ,,20,TOKOHERBALCHINA,1, Rp 545.338 ,8, Rp 68.167 ,,20,TOKOHERBALCHINA,1, Rp 1.648.606 ,25, Rp 65.944 ,,20,TOKOHERBALCHINA,1, Rp 245.913 ,,#DIV/0!,,20, Rp 2.734.046 ,41, Rp 66.684 
21,TOKOHERBALCHINA,1, Rp 74.706 ,1, Rp 74.706 ,,21,TOKOHERBALCHINA,1, Rp 3.247 ,2, Rp 1.624 ,,21,TOKOHERBALCHINA,1, Rp 68.160 ,1, Rp 68.160 ,,21,,,,,#DIV/0!,,21,TOKOHERBALCHINA,1, Rp 80.638 ,2, Rp 40.319 ,,21,TOKOHERBALCHINA,1, Rp 302.127 ,6, Rp 50.355 ,,21,TOKOHERBALCHINA,1, Rp 1.374.021 ,17, Rp 80.825 ,,21,TOKOHERBALCHINA,1, Rp 18.043 ,,#DIV/0!,,21, Rp 1.920.942 ,29, Rp 66.239 
22,TOKOHERBALCHINA,1, Rp 79.631 ,,#DIV/0!,,22,TOKOHERBALCHINA,1, Rp 5.495 ,,#DIV/0!,,22,TOKOHERBALCHINA,1, Rp 56.835 ,,#DIV/0!,,22,,,,,#DIV/0!,,22,TOKOHERBALCHINA,1, Rp 88.879 ,,#DIV/0!,,22,TOKOHERBALCHINA,1, Rp 369.704 ,,#DIV/0!,,22,TOKOHERBALCHINA,1, Rp 1.643.911 ,,#DIV/0!,,22,TOKOHERBALCHINA,1, Rp 10.261 ,,#DIV/0!,,22, Rp 2.254.716 ,0,#DIV/0!
23,TOKOHERBALCHINA,1, Rp 110.210 ,6, Rp 18.368 ,,23,TOKOHERBALCHINA,1, Rp 27.826 ,3, Rp 9.275 ,,23,TOKOHERBALCHINA,1, Rp 75.430 ,5, Rp 15.086 ,,23,,,,,#DIV/0!,,23,TOKOHERBALCHINA,1, Rp 63.144 ,4, Rp 15.786 ,,23,TOKOHERBALCHINA,1, Rp 520.915 ,19, Rp 27.417 ,,23,TOKOHERBALCHINA,1, Rp 1.670.432 ,51, Rp 32.754 ,,23,TOKOHERBALCHINA,1, Rp 11.077 ,,#DIV/0!,,23, Rp 2.479.034 ,88, Rp 28.171 
24,TOKOHERBALCHINA,1, Rp 96.095 ,3, Rp 32.032 ,,24,TOKOHERBALCHINA,1, Rp 33.099 ,2, Rp 16.550 ,,24,TOKOHERBALCHINA,1, Rp 63.648 ,4, Rp 15.912 ,,24,,,,,#DIV/0!,,24,TOKOHERBALCHINA,1, Rp 82.407 ,2, Rp 41.204 ,,24,TOKOHERBALCHINA,1, Rp 865.204 ,7, Rp 123.601 ,,24,TOKOHERBALCHINA,1, Rp 1.689.841 ,12, Rp 140.820 ,,24,TOKOHERBALCHINA,1, Rp 23.256 ,,#DIV/0!,,24, Rp 2.853.550 ,30, Rp 95.118 
25,TOKOHERBALCHINA,1, Rp 27.425 ,1, Rp 96.095 ,,25,TOKOHERBALCHINA,1, Rp 3.896 ,1, Rp 33.099 ,,25,TOKOHERBALCHINA,1, Rp 35.651 ,1, Rp 63.648 ,,25,,,,,#DIV/0!,,25,TOKOHERBALCHINA,1, Rp 115.454 ,10, Rp 8.241 ,,25,TOKOHERBALCHINA,1, Rp 1.250.148 ,13, Rp 66.554 ,,25,TOKOHERBALCHINA,1, Rp 1.787.486 ,26, Rp 64.994 ,,25,TOKOHERBALCHINA,1, Rp 8.584 ,,#DIV/0!,,25, Rp 3.228.644 ,52, Rp 62.089 
26,TOKOHERBALCHINA,1, Rp 32.122 ,,#DIV/0!,,26,TOKOHERBALCHINA,1, Rp 10.316 ,,#DIV/0!,,26,TOKOHERBALCHINA,1, Rp 32.806 ,2, Rp 16.403 ,,26,,,,,#DIV/0!,,26,TOKOHERBALCHINA,1, Rp 64.720 ,2, Rp 32.360 ,,26,TOKOHERBALCHINA,1, Rp 395.926 ,10, Rp 39.593 ,,26,TOKOHERBALCHINA,1, Rp 976.791 ,16, Rp 61.049 ,,26,TOKOHERBALCHINA,1, Rp 11.254 ,,#DIV/0!,,26, Rp 1.523.935 ,30, Rp 50.798 
27,TOKOHERBALCHINA,1, Rp 34.933 ,1, Rp 34.933 ,,27,TOKOHERBALCHINA,1, Rp 6.137 ,,#DIV/0!,,27,TOKOHERBALCHINA,1, Rp 50.943 ,2, Rp 25.472 ,,27,,,,,#DIV/0!,,27,TOKOHERBALCHINA,1, Rp 113.441 ,8, Rp 14.180 ,,27,TOKOHERBALCHINA,1, Rp 619.715 ,15, Rp 41.314 ,,27,TOKOHERBALCHINA,1, Rp 974.208 ,17, Rp 57.306 ,,27,TOKOHERBALCHINA,1, Rp 6.980 ,,#DIV/0!,,27, Rp 1.806.357 ,43, Rp 42.008 
28,TOKOHERBALCHINA,1, Rp 36.215 ,2, Rp 18.108 ,,28,TOKOHERBALCHINA,1, Rp 1.172 ,,#DIV/0!,,28,TOKOHERBALCHINA,1, Rp 19.047 ,1, Rp 19.047 ,,28,,,,,#DIV/0!,,28,TOKOHERBALCHINA,1, Rp 149.798 ,3, Rp 49.933 ,,28,TOKOHERBALCHINA,1, Rp 669.019 ,12, Rp 55.752 ,,28,TOKOHERBALCHINA,1, Rp 687.482 ,12, Rp 57.290 ,,28,TOKOHERBALCHINA,1, Rp 12.508 ,,#DIV/0!,,28, Rp 1.575.241 ,30, Rp 52.508 
29,,,,,#DIV/0!,,29,,,,,#DIV/0!,,29,,,,,#DIV/0!,,29,,,,,#DIV/0!,,29,,,,,#DIV/0!,,29,,,,,#DIV/0!,,29,,,,,#DIV/0!,,29,,,,,#DIV/0!,,29, Rp -   ,0,#DIV/0!
30,,,,,#DIV/0!,,30,,,,,#DIV/0!,,30,,,,,#DIV/0!,,30,,,,,#DIV/0!,,30,,,,,#DIV/0!,,30,,,,,#DIV/0!,,30,,,,,#DIV/0!,,30,,,,,#DIV/0!,,30, Rp -   ,0,#DIV/0!
31,,,,,#DIV/0!,,31,,,,,#DIV/0!,,31,,,,,#DIV/0!,,31,,,,,#DIV/0!,,31,,,,,#DIV/0!,,31,,,,,#DIV/0!,,31,,,,,#DIV/0!,,31,,,,,#DIV/0!,,31, Rp -   ,0,#DIV/0!
,,, Rp 1.250.793 ,24, Rp. 52.116,,,,, Rp 1.252.175 ,25, Rp. 50.087,,,,, Rp 2.491.712 ,46, Rp. 54.168,,,,, Rp 69.142 ,0,#DIV/0!,,,,, Rp 871.463 ,41, Rp. 21.255,,,,, Rp 28.204.965 ,328, Rp. 85.991,,,,, Rp 45.425.834 ,643, Rp. 70.647,,,,, Rp 1.210.650 ,5, Rp. 242.130,,, Rp 80.776.734 ,1.138, Rp 70.981 
,,,,,,,,,,,,,,,,,,,,,,,,,,,,,,,,,,,,,,,,,,,,,,,,,,,,,,,,,,,
                                                                                                               TIK TOK,,,,,,,,,,,,,,,,,,,,,,,,,,,,,,,,,,,,,,,,,,,,,,,,,,,,,,,,,,,
,,,,,,,,,,,,,,,,,,,,,,,,,,,,,,,,,,,,,,,,,,,,,,,,,,,,,,,,,,,
,,,,,,,,,,,,,,,,,,,,,,,,,,,,,,,,,,,,,,,,,,,,,,,,,,,,,,,,,,,
TANGGAL,AKUN IKLAN,JUMLAH AI,BIAYA,PEMBELIAN, CPP,,TANGGAL,AKUN IKLAN,JUMLAH AI,BIAYA,PEMBELIAN, CPP,,TANGGAL,AKUN IKLAN,JUMLAH AI,BIAYA,PEMBELIAN, CPP,,TANGGAL,AKUN IKLAN,JUMLAH AI,BIAYA,PEMBELIAN, CPP,,TANGGAL,AKUN IKLAN,JUMLAH AI,BIAYA,PEMBELIAN, CPP,,TANGGAL,AKUN IKLAN,JUMLAH AI,BIAYA,PEMBELIAN, CPP,,TANGGAL,AKUN IKLAN,JUMLAH AI,BIAYA,PEMBELIAN, CPP,,TANGGAL,AKUN IKLAN,JUMLAH AI,BIAYA,PEMBELIAN, CPP,,TANGGAL,BIAYA,PEMBELIAN, CPP
1,,,,,#DIV/0!,,1,,,,,#DIV/0!,,1,,,,,#DIV/0!,,1,,,,,#DIV/0!,,1,,,,,#DIV/0!,,1,,,,10, Rp -   ,,1,,,,1, Rp -   ,,1,,,,,#DIV/0!,,1, Rp -   ,11, Rp -   
2,,,,,#DIV/0!,,2,,,,,#DIV/0!,,2,,,,,#DIV/0!,,2,,,,,#DIV/0!,,2,,,,,#DIV/0!,,2,,,,17, Rp -   ,,2,,,,1, Rp -   ,,2,,,,,#DIV/0!,,2, Rp -   ,18, Rp -   
3,,,,,#DIV/0!,,3,,,,,#DIV/0!,,3,,,,,#DIV/0!,,3,,,,,#DIV/0!,,3,,,,,#DIV/0!,,3,,,,11, Rp -   ,,3,,,,1, Rp -   ,,3,,,,,#DIV/0!,,3, Rp -   ,12, Rp -   
4,,,,,#DIV/0!,,4,,,,,#DIV/0!,,4,,,,,#DIV/0!,,4,,,,,#DIV/0!,,4,,,,,#DIV/0!,,4,,,,8, Rp -   ,,4,,,,1, Rp -   ,,4,,,,,#DIV/0!,,4, Rp -   ,9, Rp -   
5,,,,,#DIV/0!,,5,,,,,#DIV/0!,,5,,,,,#DIV/0!,,5,,,,,#DIV/0!,,5,,,,,#DIV/0!,,5,,,,14, Rp -   ,,5,,,,,#DIV/0!,,5,,,,,#DIV/0!,,5, Rp -   ,14, Rp -   
6,,,,,#DIV/0!,,6,,,,,#DIV/0!,,6,,,,,#DIV/0!,,6,,,,,#DIV/0!,,6,,,,,#DIV/0!,,6,,,,15, Rp -   ,,6,,,,1, Rp -   ,,6,,,,,#DIV/0!,,6, Rp -   ,16, Rp -   
7,,,,,#DIV/0!,,7,,,,,#DIV/0!,,7,,,,,#DIV/0!,,7,,,,,#DIV/0!,,7,,,,,#DIV/0!,,7,,,,5, Rp -   ,,7,,,,,#DIV/0!,,7,,,,,#DIV/0!,,7, Rp -   ,5, Rp -   
8,,,,,#DIV/0!,,8,,,,,#DIV/0!,,8,,,,,#DIV/0!,,8,,,,,#DIV/0!,,8,,,,,#DIV/0!,,8,,,,6, Rp -   ,,8,,,,,#DIV/0!,,8,,,,,#DIV/0!,,8, Rp -   ,6, Rp -   
9,,,,,#DIV/0!,,9,,,,,#DIV/0!,,9,,,,,#DIV/0!,,9,,,,,#DIV/0!,,9,,,,,#DIV/0!,,9,,,,13, Rp -   ,,9,,,,,#DIV/0!,,9,,,,,#DIV/0!,,9, Rp -   ,13, Rp -   
10,,,,1, Rp -   ,,10,,,,,#DIV/0!,,10,,,,,#DIV/0!,,10,,,,,#DIV/0!,,10,,,,,#DIV/0!,,10,,,,9, Rp -   ,,10,,,,,#DIV/0!,,10,,,,,#DIV/0!,,10, Rp -   ,10, Rp -   
11,,,,,#DIV/0!,,11,,,,,#DIV/0!,,11,,,,,#DIV/0!,,11,,,,,#DIV/0!,,11,,,,,#DIV/0!,,11,,,,9, Rp -   ,,11,,,,,#DIV/0!,,11,,,,,#DIV/0!,,11, Rp -   ,9, Rp -   
12,,,,,#DIV/0!,,12,,,,,#DIV/0!,,12,,,,,#DIV/0!,,12,,,,,#DIV/0!,,12,,,,,#DIV/0!,,12,,,,5, Rp -   ,,12,,,,,#DIV/0!,,12,,,,,#DIV/0!,,12, Rp -   ,5, Rp -   
13,,,,,#DIV/0!,,13,,,,,#DIV/0!,,13,,,,,#DIV/0!,,13,,,,,#DIV/0!,,13,,,,,#DIV/0!,,13,,,,9, Rp -   ,,13,,,,1, Rp -   ,,13,,,,,#DIV/0!,,13, Rp -   ,10, Rp -   
14,,,,,#DIV/0!,,14,,,,,#DIV/0!,,14,,,,,#DIV/0!,,14,,,,,#DIV/0!,,14,,,,,#DIV/0!,,14,,,,7, Rp -   ,,14,,,,,#DIV/0!,,14,,,,,#DIV/0!,,14, Rp -   ,7, Rp -   
15,,,,2, Rp -   ,,15,,,,,#DIV/0!,,15,,,,,#DIV/0!,,15,,,,,#DIV/0!,,15,,,,,#DIV/0!,,15,,,,2, Rp -   ,,15,,,,1, Rp -   ,,15,,,,,#DIV/0!,,15, Rp -   ,5, Rp -   
16,,,,,#DIV/0!,,16,,,,,#DIV/0!,,16,,,,2, Rp -   ,,16,,,,,#DIV/0!,,16,,,,,#DIV/0!,,16,,,,8, Rp -   ,,16,,,,,#DIV/0!,,16,,,,,#DIV/0!,,16, Rp -   ,10, Rp -   
17,,,,,#DIV/0!,,17,,,,,#DIV/0!,,17,,,,,#DIV/0!,,17,,,,,#DIV/0!,,17,,,,,#DIV/0!,,17,,,,5, Rp -   ,,17,,,,,#DIV/0!,,17,,,,,#DIV/0!,,17, Rp -   ,5, Rp -   
18,,,,,#DIV/0!,,18,,,,,#DIV/0!,,18,,,,,#DIV/0!,,18,,,,,#DIV/0!,,18,,,,,#DIV/0!,,18,,,,9, Rp -   ,,18,,,,,#DIV/0!,,18,,,,,#DIV/0!,,18, Rp -   ,9, Rp -   
19,,,,,#DIV/0!,,19,,,,,#DIV/0!,,19,,,,2, Rp -   ,,19,,,,,#DIV/0!,,19,,,,,#DIV/0!,,19,,,,6, Rp -   ,,19,,,,,#DIV/0!,,19,,,,,#DIV/0!,,19, Rp -   ,8, Rp -   
20,,,,,#DIV/0!,,20,,,,,#DIV/0!,,20,,,,,#DIV/0!,,20,,,,,#DIV/0!,,20,,,,,#DIV/0!,,20,,,,3, Rp -   ,,20,,,,,#DIV/0!,,20,,,,,#DIV/0!,,20, Rp -   ,3, Rp -   
21,,,,,#DIV/0!,,21,,,,,#DIV/0!,,21,,,,,#DIV/0!,,21,,,,,#DIV/0!,,21,,,,,#DIV/0!,,21,,,,4, Rp -   ,,21,,,,1, Rp -   ,,21,,,,,#DIV/0!,,21, Rp -   ,5, Rp -   
22,,,,,#DIV/0!,,22,,,,,#DIV/0!,,22,,,,,#DIV/0!,,22,,,,,#DIV/0!,,22,,,,,#DIV/0!,,22,,,,4, Rp -   ,,22,,,,2, Rp -   ,,22,,,,,#DIV/0!,,22, Rp -   ,6, Rp -   
23,,,,,#DIV/0!,,23,,,,,#DIV/0!,,23,,,,,#DIV/0!,,23,,,,,#DIV/0!,,23,,,,,#DIV/0!,,23,,,,4, Rp -   ,,23,,,,,#DIV/0!,,23,,,,,#DIV/0!,,23, Rp -   ,4, Rp -   
24,,,,,#DIV/0!,,24,,,,1, Rp -   ,,24,,,,,#DIV/0!,,24,,,,,#DIV/0!,,24,,,,1, Rp -   ,,24,,,,5, Rp -   ,,24,,,,,#DIV/0!,,24,,,,,#DIV/0!,,24, Rp -   ,7, Rp -   
25,,,,,#DIV/0!,,25,,,,,#DIV/0!,,25,,,,,#DIV/0!,,25,,,,,#DIV/0!,,25,,,,1, Rp -   ,,25,,,,8, Rp -   ,,25,,,,,#DIV/0!,,25,,,,,#DIV/0!,,25, Rp -   ,9, Rp -   
26,,,,,#DIV/0!,,26,,,,,#DIV/0!,,26,,,,,#DIV/0!,,26,,,,,#DIV/0!,,26,,,,1, Rp -   ,,26,,,,8, Rp -   ,,26,,,,1, Rp -   ,,26,,,,,#DIV/0!,,26, Rp -   ,10, Rp -   
27,,,,,#DIV/0!,,27,,,,,#DIV/0!,,27,,,,,#DIV/0!,,27,,,,,#DIV/0!,,27,,,,,#DIV/0!,,27,,,,2, Rp -   ,,27,,,,,#DIV/0!,,27,,,,,#DIV/0!,,27, Rp -   ,2, Rp -   
28,,,,,#DIV/0!,,28,,,,,#DIV/0!,,28,,,,,#DIV/0!,,28,,,,,#DIV/0!,,28,,,,,#DIV/0!,,28,,,,10, Rp -   ,,28,,,,,#DIV/0!,,28,,,,,#DIV/0!,,28, Rp -   ,10, Rp -   
29,,,,,#DIV/0!,,29,,,,,#DIV/0!,,29,,,,,#DIV/0!,,29,,,,,#DIV/0!,,29,,,,,#DIV/0!,,29,,,,,#DIV/0!,,29,,,,,#DIV/0!,,29,,,,,#DIV/0!,,29, Rp -   ,0,#DIV/0!
30,,,,,#DIV/0!,,30,,,,,#DIV/0!,,30,,,,,#DIV/0!,,30,,,,,#DIV/0!,,30,,,,,#DIV/0!,,30,,,,,#DIV/0!,,30,,,,,#DIV/0!,,30,,,,,#DIV/0!,,30, Rp -   ,0,#DIV/0!
31,,,,,#DIV/0!,,31,,,,,#DIV/0!,,31,,,,,#DIV/0!,,31,,,,,#DIV/0!,,31,,,,,#DIV/0!,,31,,,,,#DIV/0!,,31,,,,,#DIV/0!,,31,,,,,#DIV/0!,,31, Rp -   ,0,#DIV/0!
,,, Rp -   ,3,Rp. -  ,,,,, Rp -   ,1,Rp. -  ,,,,, Rp -   ,4,Rp. -  ,,,,, Rp -   ,0,#DIV/0!,,,,, Rp -   ,3,Rp. -  ,,,,, Rp -   ,216,Rp. -  ,,,,, Rp -   ,11,Rp. -  ,,,,, Rp -   ,0,#DIV/0!,,, Rp -   ,238, Rp -   
,,,,,,,,,,,,,,,,,,,,,,,,,,,,,,,,,,,,,,,,,,,,,,,,,,,,,,,,,,,
REKAP HARIAN PRODUK CHINA,,,,,,,,,,,,,,,,,,,,,,,,,,,,,,,,,,,,,,,,,,,,,,,,,,,,,,,,,,,
TANGGAL,BIAYA,PEMBELIAN,CPP,,,,,,,,,,,,,,,,,,,,,,,,,,,,,,,,,,,,,,,,,,,,,,,,,,,,,,,,
1, Rp 3.120.602 ,11, Rp. 283.691,,,,,,,,,,,,,,,,,,,,,,,,,,,,,,,,,,,,,,,,,,,,,,,,,,,,,,,,
2, Rp 5.904.185 ,109, Rp. 54.167,,,,,,,,,,,,,,,,,,,,,,,,,,,,,,,,,,,,,,,,,,,,,,,,,,,,,,,,
3, Rp 2.597.141 ,87, Rp. 29.852,,,,,,,,,,,,,,,,,,,,,,,,,,,,,,,,,,,,,,,,,,,,,,,,,,,,,,,,
4, Rp 3.963.657 ,41, Rp. 96.675,,,,,,,,,,,,,,,,,,,,,,,,,,,,,,,,,,,,,,,,,,,,,,,,,,,,,,,,
5, Rp 3.737.624 ,69, Rp. 54.168,,,,,,,,,,,,,,,,,,,,,,,,,,,,,,,,,,,,,,,,,,,,,,,,,,,,,,,,
6, Rp 3.353.150 ,45, Rp. 74.514,,,,,,,,,,,,,,,,,,,,,,,,,,,,,,,,,,,,,,,,,,,,,,,,,,,,,,,,
7, Rp 2.070.845 ,43, Rp. 48.159,,,,,,,,,,,,,,,,,,,,,,,,,,,,,,,,,,,,,,,,,,,,,,,,,,,,,,,,
8, Rp 2.341.896 ,6, Rp. 390.316,,,,,,,,,,,,,,,,,,,,,,,,,,,,,,,,,,,,,,,,,,,,,,,,,,,,,,,,
9, Rp 3.249.365 ,77, Rp. 42.200,,,,,,,,,,,,,,,,,,,,,,,,,,,,,,,,,,,,,,,,,,,,,,,,,,,,,,,,
10, Rp 3.752.628 ,67, Rp. 56.009,,,,,,,,,,,,,,,,,,,,,,,,,,,,,,,,,,,,,,,,,,,,,,,,,,,,,,,,
11, Rp 3.757.058 ,45, Rp. 83.490,,,,,,,,,,,,,,,,,,,,,,,,,,,,,,,,,,,,,,,,,,,,,,,,,,,,,,,,
12, Rp 4.365.369 ,51, Rp. 85.595,,,,,,,,,,,,,,,,,,,,,,,,,,,,,,,,,,,,,,,,,,,,,,,,,,,,,,,,
13, Rp 2.858.672 ,59, Rp. 48.452,,,,,,,,,,,,,,,,,,,,,,,,,,,,,,,,,,,,,,,,,,,,,,,,,,,,,,,,
14, Rp 2.273.302 ,30, Rp. 75.777,,,,,,,,,,,,,,,,,,,,,,,,,,,,,,,,,,,,,,,,,,,,,,,,,,,,,,,,
15, Rp 3.122.288 ,5, Rp. 624.458,,,,,,,,,,,,,,,,,,,,,,,,,,,,,,,,,,,,,,,,,,,,,,,,,,,,,,,,
16, Rp 2.991.614 ,92, Rp. 32.518,,,,,,,,,,,,,,,,,,,,,,,,,,,,,,,,,,,,,,,,,,,,,,,,,,,,,,,,
17, Rp 2.378.479 ,5, Rp. 475.696,,,,,,,,,,,,,,,,,,,,,,,,,,,,,,,,,,,,,,,,,,,,,,,,,,,,,,,,
18, Rp 2.191.726 ,89, Rp. 24.626,,,,,,,,,,,,,,,,,,,,,,,,,,,,,,,,,,,,,,,,,,,,,,,,,,,,,,,,
19, Rp 2.370.668 ,46, Rp. 51.536,,,,,,,,,,,,,,,,,,,,,,,,,,,,,,,,,,,,,,,,,,,,,,,,,,,,,,,,
20, Rp 2.734.046 ,44, Rp. 62.137,,,,,,,,,,,,,,,,,,,,,,,,,,,,,,,,,,,,,,,,,,,,,,,,,,,,,,,,
21, Rp 1.920.942 ,34, Rp. 56.498,,,,,,,,,,,,,,,,,,,,,,,,,,,,,,,,,,,,,,,,,,,,,,,,,,,,,,,,
22, Rp 2.254.716 ,6, Rp. 375.786,,,,,,,,,,,,,,,,,,,,,,,,,,,,,,,,,,,,,,,,,,,,,,,,,,,,,,,,
23, Rp 2.479.034 ,92, Rp. 26.946,,,,,,,,,,,,,,,,,,,,,,,,,,,,,,,,,,,,,,,,,,,,,,,,,,,,,,,,
24, Rp 2.853.550 ,37, Rp. 77.123,,,,,,,,,,,,,,,,,,,,,,,,,,,,,,,,,,,,,,,,,,,,,,,,,,,,,,,,
25, Rp 3.228.644 ,61, Rp. 52.929,,,,,,,,,,,,,,,,,,,,,,,,,,,,,,,,,,,,,,,,,,,,,,,,,,,,,,,,
26, Rp 1.523.935 ,40, Rp. 38.098,,,,,,,,,,,,,,,,,,,,,,,,,,,,,,,,,,,,,,,,,,,,,,,,,,,,,,,,
27, Rp 1.806.357 ,45, Rp. 40.141,,,,,,,,,,,,,,,,,,,,,,,,,,,,,,,,,,,,,,,,,,,,,,,,,,,,,,,,
28, Rp 1.575.241 ,40, Rp. 39.381,,,,,,,,,,,,,,,,,,,,,,,,,,,,,,,,,,,,,,,,,,,,,,,,,,,,,,,,
29, Rp -   ,0,#DIV/0!,,,,,,,,,,,,,,,,,,,,,,,,,,,,,,,,,,,,,,,,,,,,,,,,,,,,,,,,
30, Rp -   ,0,#DIV/0!,,,,,,,,,,,,,,,,,,,,,,,,,,,,,,,,,,,,,,,,,,,,,,,,,,,,,,,,
31, Rp -   ,0,#DIV/0!,,,,,,,,,,,,,,,,,,,,,,,,,,,,,,,,,,,,,,,,,,,,,,,,,,,,,,,,
, Rp 80.776.734 ,1.376, Rp. 58.704,,,,,,,,,,,,,,,,,,,,,,,,,,,,,,,,,,,,,,,,,,,,,,,,,,,,,,,,